<?xml version="1.0" encoding="UTF-8"?>
<archetype-descriptor
    xmlns:xsi="http://www.w3.org/2001/XMLSchema-instance"
    xsi:schemaLocation="http://maven.apache.org/plugins/maven-archetype-plugin/archetype-descriptor/1.0.0 http://maven.apache.org/xsd/archetype-descriptor-1.0.0.xsd"
    name="Cucumber JVM Archetype"
    xmlns="http://maven.apache.org/plugins/maven-archetype-plugin/archetype-descriptor/1.0.0">
    <fileSets>
        <fileSet filtered="true" packaged="true" encoding="UTF-8">
            <directory>src/test/java</directory>
            <includes>
                <include>**/*.java</include>
            </includes>
        </fileSet>
        <fileSet filtered="true" encoding="UTF-8">
            <directory>src/test/resources</directory>
            <includes>
                <include>**/*</include>
            </includes>
        </fileSet>
    </fileSets>
</archetype-descriptor>
