{
  "7.0.0": [
    {
      "extension": "revapi.differences",
      "id": "intentional-api-changes",
      "ignore": true,
      "configuration": {
        "differences": [
          {
            "regex": true,
            "code": "java.class.removed",
            "old": "@interface io\\.cucumber\\.java\\.tl\\..*",
            "justification": "Fixes ISO 639-1 code for Telugu. Use io.cucumber.java.te.* instead"
          },
          {
            "code": "java.class.removed",
            "old": "interface io.cucumber.java8.Tl",
            "justification": "Fixes ISO 639-1 code for Telugu. Use io.cucumber.java8.Te instead"
          }
        ]
      }
    }
  ],
  "7.2.0": [
    {
      "extension": "revapi.differences",
      "id": "intentional-api-changes",
      "ignore": true,
      "configuration": {
        "differences": [
          {
            "code": "java.generics.elementNowParameterized",
            "old": "method void io.cucumber.java8.LambdaGlue::DocStringType(java.lang.String, io.cucumber.java8.DocStringDefinitionBody<?>)",
            "new": "method <T> void io.cucumber.java8.LambdaGlue::DocStringType(java.lang.String, io.cucumber.java8.DocStringDefinitionBody<T>)",
            "justification": "Should not impact the normal use case of the java8 API"
          },
          {
            "code": "java.generics.formalTypeParameterAdded",
            "old": "method void io.cucumber.java8.LambdaGlue::DocStringType(java.lang.String, io.cucumber.java8.DocStringDefinitionBody<?>)",
            "new": "method <T> void io.cucumber.java8.LambdaGlue::DocStringType(java.lang.String, io.cucumber.java8.DocStringDefinitionBody<T>)",
            "typeParameter": "T",
            "justification": "Should not impact the normal use case of the java8 API"
          },
          {
            "regex": true,
            "code": "java.class.externalClassExposedInAPI",
            "new": "(interface|class|enum) io\\.cucumber\\.core.backend\\..*",
            "justification": "GuiceFactory implements BackendProviderService"
          },
          {
            "regex": true,
            "code": "java.class.externalClassExposedInAPI",
            "new": "(interface|class) io\\.cucumber\\.cucumberexpressions\\..*",
            "justification": "GuiceFactory implements BackendProviderService"
          },
          {
            "regex": true,
            "code": "java.class.externalClassExposedInAPI",
            "new": "(interface|class) io\\.cucumber\\.datatable\\..*",
            "justification": "GuiceFactory implements BackendProviderService"
          },
          {
            "regex": true,
            "code": "java.class.externalClassExposedInAPI",
            "new": "class io\\.cucumber\\.docstring\\..*",
            "justification": "GuiceFactory implements BackendProviderService"
          }
        ]
      }
    }
  ],
  "internal": [
    {
      "extension": "revapi.differences",
      "id": "internal-api-issues",
      "ignore": true,
      "configuration": {
        "differences": [
          {
            "regex": true,
            "code": "java.class.externalClassExposedInAPI",
            "new": ".* io\\.cucumber\\.messages\\..*",
            "justification": "Internal API"
          },
          {
            "regex": true,
            "code": "java.class.nonPublicPartOfAPI",
            "new": ".* io\\.cucumber\\.messages\\..*",
            "justification": "Internal API"
          },
          {
            "regex": true,
            "code": "java.missing.oldClass",
            "old": ".* io\\.cucumber\\.messages\\..*",
            "justification": "Internal API"
          },
          {
            "regex": true,
            "code": "java.class.nonPublicPartOfAPI",
            "old": ".* io\\.cucumber\\.core\\.gherkin\\.messages\\.internal\\..*",
            "new": ".* io\\.cucumber\\.core\\.gherkin\\.messages\\.internal\\..*",
            "justification": "Internal API"
          },
          {
            "code": "java.class.nonPublicPartOfAPI",
            "old": "class io.cucumber.gherkin.internal.com.eclipsesource.json.JsonWriter",
            "new": "class io.cucumber.gherkin.internal.com.eclipsesource.json.JsonWriter",
            "justification": "Internal API"
          },
          {
            "regex": true,
            "code": "java.method.returnTypeChanged",
            "old": ".* io\\.cucumber\\.messages\\..*",
            "new": ".* io\\.cucumber\\.messages\\..*",
            "justification": "Internal API"
          },
          {
            "regex": true,
            "code": "java.method.removed",
            "old": ".* io\\.cucumber\\.messages\\..*",
            "justification": "Internal API"
          },
          {
            "regex": true,
            "code": "java.class.nowFinal",
            "old": ".* io\\.cucumber\\.messages\\..*",
            "new": ".* io\\.cucumber\\.messages\\..*",
            "justification": "Internal API"
          },
          {
            "regex": true,
            "code": "java.method.numberOfParametersChanged",
            "old": ".* io\\.cucumber\\.messages\\..*",
            "new": ".* io\\.cucumber\\.messages\\..*",
            "justification": "Internal API"
          },
          {
            "regex": true,
            "code": "java.class.removed",
            "old": ".* io\\.cucumber\\.messages\\..*",
            "justification": "Internal API"
          },
          {
            "regex": true,
            "code": "java.class.removed",
            "old": ".* io\\.cucumber\\.core\\.gherkin\\.messages\\.internal\\..*",
            "justification": "Internal API"
          },
          {
            "regex": true,
            "code": "java.class.removed",
            "old": ".* io\\.cucumber\\.gherkin\\..*",
            "justification": "Internal API"
          },
          {
            "regex": true,
            "code": "java.class.removed",
            "old": ".* io\\.cucumber\\.gherkin\\.internal\\..*",
            "justification": "Internal API"
          },
          {
            "regex": true,
            "code": "java.class.nonPublicPartOfAPI",
            "new": ".* io\\.cucumber\\.core\\.internal\\..*",
            "justification": "Internal API"
          },
          {
            "code": "java.method.returnTypeChangedCovariantly",
            "old": "method java.lang.Throwable java.lang.Throwable::fillInStackTrace() @ io.cucumber.core.internal.com.fasterxml.jackson.databind.deser.UnresolvedForwardReference",
            "new": "method io.cucumber.core.internal.com.fasterxml.jackson.databind.deser.UnresolvedForwardReference io.cucumber.core.internal.com.fasterxml.jackson.databind.deser.UnresolvedForwardReference::fillInStackTrace()",
            "justification": "Internal API"
          },
          {
            "ignore": true,
            "code": "java.method.finalMethodAddedToNonFinalClass",
            "new": "method java.lang.Integer io.cucumber.core.internal.com.fasterxml.jackson.databind.deser.std.StdDeserializer<T>::_parseInteger(io.cucumber.core.internal.com.fasterxml.jackson.databind.DeserializationContext, java.lang.String) throws java.io.IOException",
            "justification": "Internal API"
          },
          {
            "ignore": true,
            "code": "java.method.finalMethodAddedToNonFinalClass",
            "new": "method java.lang.Long io.cucumber.core.internal.com.fasterxml.jackson.databind.deser.std.StdDeserializer<T>::_parseLong(io.cucumber.core.internal.com.fasterxml.jackson.databind.DeserializationContext, java.lang.String) throws java.io.IOException",
            "justification": "Internal API"
          },
          {
            "ignore": true,
            "code": "java.method.addedToInterface",
            "new": "method java.lang.Class<? extends io.cucumber.core.eventbus.UuidGenerator> io.cucumber.core.options.CucumberOptionsAnnotationParser.CucumberOptions::uuidGenerator()",
            "justification": "Internal API"
          },
          {
            "ignore": true,
            "code": "java.method.addedToInterface",
            "new": "method java.lang.Class<? extends io.cucumber.core.eventbus.UuidGenerator> io.cucumber.core.runner.Options::getUuidGeneratorClass()",
            "justification": "Internal API"
          }
        ]
      }
    }
  ],
  "testng": [
    {
      "extension": "revapi.differences",
      "id": "testng-api-issues",
      "ignore": true,
      "configuration": {
        "differences": [
          {
            "ignore": true,
            "code": "java.missing.oldClass",
            "old": "missing-class com.google.inject.Injector",
            "new": "missing-class com.google.inject.Injector",
            "justification": "Guice is an optional TestNG dependency"
          },
          {
            "ignore": true,
            "code": "java.missing.newClass",
            "old": "missing-class com.google.inject.Injector",
            "new": "missing-class com.google.inject.Injector",
            "justification": "Guice is an optional TestNG dependency"
          },
          {
            "ignore": true,
            "code": "java.missing.oldClass",
            "old": "missing-class com.google.inject.Module",
            "new": "missing-class com.google.inject.Module",
            "justification": "Guice is an optional TestNG dependency"
          },
          {
            "ignore": true,
            "code": "java.missing.newClass",
            "old": "missing-class com.google.inject.Module",
            "new": "missing-class com.google.inject.Module",
            "justification": "Guice is an optional TestNG dependency"
          },
          {
            "ignore": true,
            "code": "java.missing.oldClass",
            "old": "missing-class com.google.inject.Stage",
            "new": "missing-class com.google.inject.Stage",
            "justification": "Guice is an optional TestNG dependency"
          },
          {
            "ignore": true,
            "code": "java.missing.newClass",
            "old": "missing-class com.google.inject.Stage",
            "new": "missing-class com.google.inject.Stage",
            "justification": "Guice is an optional TestNG dependency"
          },
          {
            "ignore": true,
            "code": "java.method.removed",
            "old": "method void org.testng.IResultMap::addResult(org.testng.ITestResult, org.testng.ITestNGMethod)",
            "justification": "Third party api change"
          },
          {
            "ignore": true,
            "code": "java.method.returnTypeChanged",
            "old": "method org.testng.IObjectFactory org.testng.ISuite::getObjectFactory()",
            "new": "method org.testng.ITestObjectFactory org.testng.ISuite::getObjectFactory()",
            "justification": "Third party api change"
          },
          {
            "ignore": true,
            "code": "java.method.removed",
            "old": "method java.lang.String org.testng.ISuiteResult::getPropertyFileName()",
            "justification": "Third party api change"
          },
          {
            "ignore": true,
            "code": "java.method.removed",
            "old": "method void org.testng.ITestContext::addGuiceModule(com.google.inject.Module)",
            "justification": "Third party api change"
          },
          {
            "ignore": true,
            "code": "java.method.removed",
            "old": "method void org.testng.ITestContext::addInjector(java.util.List<com.google.inject.Module>, com.google.inject.Injector)",
            "justification": "Third party api change"
          },
          {
            "ignore": true,
            "code": "java.method.removed",
            "old": "method java.util.List<com.google.inject.Module> org.testng.ITestContext::getAllGuiceModules()",
            "justification": "Third party api change"
          },
          {
            "ignore": true,
            "code": "java.method.removed",
            "old": "method java.util.List<com.google.inject.Module> org.testng.ITestContext::getGuiceModules(java.lang.Class<? extends com.google.inject.Module>)",
            "justification": "Third party api change"
          },
          {
            "ignore": true,
            "code": "java.method.removed",
            "old": "method com.google.inject.Injector org.testng.ITestContext::getInjector(java.util.List<com.google.inject.Module>)",
            "justification": "Third party api change"
          },
          {
            "ignore": true,
            "code": "java.method.removed",
            "old": "method com.google.inject.Injector org.testng.ITestContext::getInjector(org.testng.IClass)",
            "justification": "Third party api change"
          },
          {
            "ignore": true,
            "code": "java.method.addedToInterface",
            "new": "method java.lang.String org.testng.ITestResult::id()",
            "justification": "Third party api change"
          },
          {
            "ignore": true,
            "code": "java.method.addedToInterface",
            "new": "method int org.testng.internal.IParameterInfo::getIndex()",
            "justification": "Third party api change"
          },
          {
            "ignore": true,
            "code": "java.method.removed",
            "old": "method org.testng.xml.XmlSuite.ParallelMode org.testng.xml.XmlSuite.ParallelMode::skipDeprecatedValues(org.testng.xml.XmlSuite.ParallelMode)",
            "justification": "Third party api change"
          },
          {
            "ignore": true,
            "code": "java.class.externalClassExposedInAPI",
            "new": "interface org.testng.IRetryDataProvider",
            "justification": "Third party api change"
          },
          {
            "ignore": true,
            "code": "java.method.defaultMethodAddedToInterface",
            "new": "method java.lang.Class<? extends org.testng.IRetryDataProvider> org.testng.IDataProviderMethod::retryUsing()",
            "justification": "Third party api change"
          },
          {
            "ignore": true,
            "code": "java.method.defaultMethodAddedToInterface",
            "new": "method java.util.Set<org.testng.ITestNGMethod> org.testng.ITestNGMethod::downstreamDependencies()",
            "justification": "Third party api change"
          },
          {
            "ignore": true,
            "code": "java.method.defaultMethodAddedToInterface",
            "new": "method java.util.Set<org.testng.ITestNGMethod> org.testng.ITestNGMethod::upstreamDependencies()",
            "justification": "Third party api change"
          },
          {
            "ignore": true,
            "code": "java.class.externalClassExposedInAPI",
            "new": "interface io.cucumber.core.eventbus.UuidGenerator",
            "justification": "Part of cucumber API"
          }
        ]
      }
    }
  ],
  "guice": [
    {
      "extension": "revapi.differences",
      "id": "guice-api-issues",
      "ignore": true,
      "configuration": {
        "differences": [
          {
            "ignore": true,
            "code": "java.annotation.added",
            "old": "class com.google.inject.Key<T>",
            "new": "class com.google.inject.Key<T>",
            "annotation": "@com.google.errorprone.annotations.CheckReturnValue",
            "justification": "It's Google."
          },
          {
            "ignore": true,
            "regex": true,
            "code": "java.field.enumConstantOrderChanged",
            "old": "field com\\.google\\.inject\\.internal\\.ErrorId\\..*",
            "new": "field com\\.google\\.inject\\.internal\\.ErrorId\\..*",
            "justification": "It's Google."
          }
        ]
      }
    }
  ],
  "junit5": [
    {
      "extension": "revapi.differences",
      "id": "junit5-api-issues",
      "ignore": true,
      "configuration": {
        "differences": [
          {
            "ignore": true,
            "code": "java.method.addedToInterface",
            "new": "method java.util.Set<java.lang.String> org.junit.platform.engine.ConfigurationParameters::keySet()",
            "justification": "API consumed from JUnit 5"
          },
          {
            "ignore": true,
            "code": "java.annotation.added",
            "old": "method int org.junit.platform.engine.ConfigurationParameters::size()",
            "new": "method int org.junit.platform.engine.ConfigurationParameters::size()",
            "annotation": "@org.apiguardian.api.API(status = org.apiguardian.api.API.Status.DEPRECATED, since = \"1.9\")",
            "justification": "API consumed from JUnit 5"
          },
          {
            "ignore": true,
            "code": "java.class.externalClassExposedInAPI",
            "new": "interface io.cucumber.core.eventbus.UuidGenerator",
            "justification": "Part of cucumber API"
          }
        ]
      }
    }
  ],
  "jackson": [
    {
      "extension": "revapi.differences",
      "id": "jackson-api-issues",
      "ignore": true,
      "configuration": {
        "differences": [
          {
            "ignore": true,
            "regex": true,
            "code": ".*",
            "old": ".* io\\.cucumber\\.core\\.internal\\.com\\.fasterxml\\.jackson\\..*",
            "new": ".* io\\.cucumber\\.core\\.internal\\.com\\.fasterxml\\.jackson\\..*",
            "justification": "Internal shaded API"
          },
          {
            "ignore": true,
            "regex": true,
            "code": ".*",
            "old": ".* io\\.cucumber\\.core\\.internal\\.com\\.fasterxml\\.jackson\\..*",
            "justification": "Internal shaded API"
          },
          {
            "ignore": true,
            "regex": true,
            "code": ".*",
            "new": ".* io\\.cucumber\\.core\\.internal\\.com\\.fasterxml\\.jackson\\..*",
            "justification": "Internal shaded API"
          }
        ]
      }
    }
  ]
}
